INSERT INTO trait (id_trait, description_trait) VALUES
('T001','courageux'),
('T002','malin'),
('T003','timide'),
('T004','charismatique'),
('T005','impulsif'),
('T006','serein'),
('T007','mélancolique'),
('T008','colérique'),
('T009','loyal'),
('T010','traître'),
('T011','avare'),
('T012','généreux'),
('T013','mystérieux'),
('T014','intelligent'),
('T015','bricoleur'),
('T016','nerveux'),
('T017','pacifiste'),
('T018','ambitieux'),
('T019','drôle'),
('T020','sombre'),
('T021','romantique'),
('T022','déterminé'),
('T023','curieux'),
('T024','orgueilleux'),
('T025','protecteur'),
('T026','obsessionnel'),
('T027','méfiant'),
('T028','excentrique'),
('T029','agile'),
('T030','fort');

INSERT INTO acteur_doubleur (id_acteur, nom_acteur, nationalité_acteur) VALUES
('A001','Jean Dupont','française'),
('A002','Marie Lefèvre','française'),
('A003','David Johnson','américaine'),
('A004','Sofia Rossi','italienne'),
('A005','Kenji Tanaka','japonaise'),
('A006','Liu Wei','chinoise'),
('A007','Carlos Mendez','espagnole'),
('A008','Anna Müller','allemande'),
('A009','Tom Baker','britannique'),
('A010','Elena Petrova','russe'),
('A011','Lucas Martin','brésilienne'),
('A012','Maya Singh','indienne'),
('A013','Omar Haddad','marocaine'),
('A014','Hana Kim','coréenne'),
('A015','Peter Clark','canadienne'),
('A016','Isabel Costa','portugaise'),
('A017','Nora Svensson','suédoise'),
('A018','Ibrahim Al-Farsi','saoudienne'),
('A019','Yuki Sato','japonaise'),
('A020','Grace O''Connor','irlandaise'),
('A021','Miguel Alvarez','mexicaine'),
('A022','Zoe Laurent','française'),
('A023','Victor Hugo','brésilienne'),
('A024','Hector Ruiz','espagnole'),
('A025','Nadia Petro','ukrainienne'),
('A026','Alexei Ivanov','russe'),
('A027','Chloe Evans','britannique'),
('A028','Samir Patel','indienne'),
('A029','Rita Gomes','portugaise'),
('A030','Noah Brown','américaine'),
('A031','Lena Novak','polonaise'),
('A032','Felix Richter','allemande'),
('A033','Aiko Nakamura','japonaise'),
('A034','Marcus Green','australienne'),
('A035','Sven Berg','norvégienne'),
('A036','Yara Haddad','libanaise'),
('A037','Diego Fernandez','argentine'),
('A038','Hanae Kato','japonaise'),
('A039','Luca Bianchi','italienne'),
('A040','Sara Cohen','israélienne'),
('A041','Paul Moreau','française'),
('A042','Emma Dubois','française'),
('A043','Kaito Mori','japonaise'),
('A044','Rafael Santos','brésilienne'),
('A045','Liam O''Brien','irlandaise'),
('A046','Aria Kapoor','indienne'),
('A047','Jordi Serra','espagnole'),
('A048','Ingrid Hansen','danoise'),
('A049','Gustav Lind','suédoise'),
('A050','Marta Ruiz','mexicaine'),
('A051','Hiroshi Kondo','japonaise'),
('A052','Clara Romero','argentine'),
('A053','Victor Chen','chinoise'),
('A054','Nina Vogel','allemande'),
('A055','Owen Wright','britannique'),
('A056','Laila Ibrahim','égyptienne'),
('A057','Klara Novak','tchèque'),
('A058','Dmitri Sokolov','russe'),
('A059','Beatrice Moretti','italienne'),
('A060','Ronan Gallagher','irlandaise'),
('A061','Maya Rivera','mexicaine'),
('A062','Ethan Brooks','américaine'),
('A063','Sasha Ivanova','russe'),
('A064','Tomás Oliveira','portugais'),
('A065','Fiona McKay','écossaise'),
('A066','Han Li','chinoise'),
('A067','Isabella Rossi','italienne'),
('A068','Kai Chen','chinois'),
('A069','Zoë Blake','australienne'),
('A070','Mateo Sánchez','espagnole');

INSERT INTO oeuvre (id_oeuvre, titre_oeuvre, type_oeuvre, annee_sortie, studio_auteur, auteur, illustrateurs, editeur_jeux_video, maison_edition, pays_oeuvre, genre_oeuvre) VALUES
('O001','Nuit d''Acier','film',2010,'Studio Orion','Marc Lefranc','Paul Gauthier',NULL,'Gallimard','France','action'),
('O002','Les Fleurs de Lune','livre',1998,NULL,'Aline Rousseau',NULL,NULL,'Seuil','France','romantique'),
('O003','CyberRift','jeux vidéo',2018,'NeoPlay','H. Kim',NULL,'NeoPlay Studios',NULL,'Corée du Sud','action'),
('O004','La Dernière Tour','roman graphique',2005,'GraphInk','O. Duarte','Ana Silva',NULL,'Casterman','Portugal','autre'),
('O005','Kaze no Hoshi','manga',2012,NULL,'M. Tanaka','S. Ito',NULL,'Shueisha','Japon','shonen'),
('O006','Courants Contraires','série',2016,'Rivage TV','L. Bernard',NULL,NULL,'Rivage Press','France','autre'),
('O007','Shadow Alley','film',2021,'BlackLight','J. Carter',NULL,NULL,'Dark House','États-Unis','horreur'),
('O008','Echoes of Home','livre',2003,NULL,'Sofia Rossi',NULL,NULL,'Penguin','Italie','autre'),
('O009','Les Gardiens d''Éther','jeux vidéo',2020,'AetherWorks','C. Mendez',NULL,'AetherWorks',NULL,'Espagne','action'),
('O010','Amour en Automne','film',2009,'CinéAmour','Lea Dubois',NULL,NULL,'StudioRomance','France','romantique'),
('O011','Rêves d''Azur','bd',1995,'BluePanel','N. Svensson','K. Olsen',NULL,'Dupuis','Suède','autre'),
('O012','Honō: Le Feu','manga',2007,NULL,'K. Sato','H. Nakamura',NULL,'Kodansha','Japon','shojo'),
('O013','Inspector Vale','série',2014,'MetroTV','P. Clark',NULL,NULL,'Metro Press','Canada','autre'),
('O014','Le Chant du Désert','livre',2001,NULL,'Ibrahim Al-Farsi',NULL,NULL,'Al-Kitab','Arabie Saoudite','autre'),
('O015','Vortex','jeux vidéo',2015,'StormForge','E. O''Connor',NULL,'StormForge',NULL,'Irlande','action'),
('O016','Nocturne','film',1999,'Moonlight','C. Martin',NULL,NULL,'MoonPress','Brésil','horreur'),
('O017','Coeur de Glace','film',2013,'Nordic Pictures','N. Berg','J. Lind',NULL,'NordicPub','Norvège','romantique'),
('O018','La Machine et l''Enfant','livre',2019,NULL,'S. Patel',NULL,NULL,'HarperCollins','Inde','autre'),
('O019','City Noir','bd',1988,'DarkFrame','R. Ruiz','M. Santos',NULL,'Casterman','Espagne','autre'),
('O020','Samurai Dawn','manga',2005,NULL,'H. Kondo','A. Nakamura',NULL,'Shogakukan','Japon','shonen'),
('O021','Sérum','film',2017,'LabFilms','D. Johnson',NULL,NULL,'IndiePub','États-Unis','horreur'),
('O022','Rivage','livre',1992,NULL,'E. Petrova',NULL,NULL,'ArsBooks','Russie','autre'),
('O023','L''Épopée d''Or','jeux vidéo',2002,'GoldenByte','M. Alvarez',NULL,'GoldenByte',NULL,'Mexique','action'),
('O024','Les Ombres du Palais','série',2020,'RoyalTV','N. Petro',NULL,NULL,'RoyalEd','Ukraine','autre'),
('O025','Lune Rouge','film',1996,'OldMoon','J. Baker',NULL,NULL,'RetroFilms','Royaume-Uni','horreur'),
('O026','Poussières et Cendres','livre',2011,NULL,'L. Novak',NULL,NULL,'NovaPress','Pologne','autre'),
('O027','Ailes d''Argent','bd',2004,'SilverInk','B. Moretti','F. Rossi',NULL,'Panini','Italie','autre'),
('O028','Temple Run: Saga','jeux vidéo',2021,'Runic','D. Fernandez',NULL,'Runic','Argentina Games','Argentine','action'),
('O029','Souvenirs d''Été','film',2006,'SummerFrame','E. Dubois',NULL,NULL,'StudioMemoire','France','romantique'),
('O030','Pacte de Sang','manga',2010,NULL,'H. Kato','R. Sato',NULL,'Shueisha','Japon','shojo'),
('O031','Le Vieux Port','livre',1985,NULL,'P. Moreau',NULL,NULL,'Gallimard','France','autre'),
('O032','Racines','série',2018,'HeritageTV','M. Singh',NULL,NULL,'HeritagePub','Inde','autre'),
('O033','Bloodline','film',2022,'Crimson Studios','S. Ivanova',NULL,NULL,'RedHouse','Russie','horreur'),
('O034','Paradoxe','jeux vidéo',2016,'LoopWorks','A. Patel',NULL,'LoopWorks',NULL,'Inde','action'),
('O035','Jardin Secret','bd',1990,'GreenPanel','R. Gomez','L. Santos',NULL,'Dupuis','Mexique','romantique'),
('O036','Mémoires d''un Voyageur','livre',2008,NULL,'F. Richter',NULL,NULL,'NordicBooks','Allemagne','autre'),
('O037','L''Arbre aux Murmures','film',2003,'WhisperFilms','Y. Haddad',NULL,NULL,'EastWest','Liban','autre'),
('O038','Code Noir','série',2011,'ByteTV','K. Chen',NULL,NULL,'BytePress','Chine','autre'),
('O039','La Cité des Vents','jeu vidéo',2009,'WindWorks','M. Rossi',NULL,'WindWorks',NULL,'Italie','action'),
('O040','Dernier Acte','théâtre',1993,'StageCraft','B. Brooks',NULL,NULL,'Thalia','États-Unis','autre'),
('O041','Horizon Brisé','film',2000,'Sunset Films','R. Sokolov',NULL,NULL,'Kino','Russie','action'),
('O042','Petite Soeur','manga',2014,NULL,'A. Mori','S. Ito',NULL,'Kodansha','Japon','shojo'),
('O043','La Route de Nuit','livre',1997,NULL,'T. Baker',NULL,NULL,'Penguin','Royaume-Uni','autre'),
('O044','Les Frères d''Armes','film',2015,'ValorFilms','M. Green',NULL,NULL,'ValorPub','Australie','action'),
('O045','Saphir Bleu','bd',2006,'BluePanel','I. Costa','M. Oliveira',NULL,'Magia','Portugal','romantique'),
('O046','Rêve Électrique','jeux vidéo',2013,'VoltGames','E. Brooks',NULL,'VoltGames',NULL,'États-Unis','action'),
('O047','Dernière Lettre','livre',2004,NULL,'C. Romero',NULL,NULL,'AndesPub','Argentine','romantique'),
('O048','Tempête d''Acier','film',1980,'SteelWorks','A. Ivanov',NULL,NULL,'SovFilm','URSS','action'),
('O049','Mystères du Lac','série',2007,'LakeTV','Z. Laurent',NULL,NULL,'LakePress','France','autre'),
('O050','Fragments','manga',2019,NULL,'S. Patel','M. Kato',NULL,'Shueisha','Inde','autre');

INSERT INTO personnage (id_perso, nom_perso, prenom_perso, surnom_perso, sexe_perso, date_naissance_perso, description_biographie, statut_mort_vivant_inconnu) VALUES
('P001','Valentin','Jean','Val','homme','1985-03-14','héros taciturne de la saga','vivant'),
('P002','Aurelia','Sofia','Aury','femme','1990-07-22','archéologue et aventurière','vivant'),
('P003','Kazuya','Mori','Kaz','homme','1978-11-02','samouraï moderne','vivant'),
('P004','Lina','Rousseau','Lin','femme','2001-01-10','jeune détective','vivant'),
('P005','Dante','Salvador','D','homme','1969-05-05','mercenaire au grand cœur','vivant'),
('P006','Maya','Singh','May','femme','1995-09-08','porteuse d''un ancien secret','vivant'),
('P007','Rex','Black','Rex','homme','1980-12-30','robot rebelle','inconnu','vivant'),
('P008','Iris','Moreau','Iri','femme','1974-04-18','chanteuse mélancolique','vivant'),
('P009','Taro','Sato','T','homme','1992-06-01','héritier d''un clan','vivant'),
('P010','Nora','Svensson','No','femme','1988-02-20','journaliste opiniâtre','vivant'),
('P011','Hana','Kim','Hana','femme','1993-08-03','pilote de course','vivant'),
('P012','Oliver','Stone','Ollie','homme','1972-10-12','ancien policier','vivant'),
('P013','Zara','Haddad','Z','femme','1982-12-09','entraîneuse d''élite','vivant'),
('P014','Mikhail','Ivanov','Misha','homme','1960-01-01','ancien général','mort','mort'),
('P015','Evelyn','Dubois','Eve','femme','1955-11-11','auteur reconnu','vivant'),
('P016','Akira','Tanaka','Aki','homme','2000-04-04','ado prodige','vivant'),
('P017','Sophie','Lam','Sop','femme','1986-03-03','médecin humanitaire','vivant'),
('P018','Noah','Brown','Noa','homme','1998-09-15','hackeur éthique','vivant'),
('P019','Isabella','Rossi','Isa','femme','1977-06-06','créatrice de mode','vivant'),
('P020','Félix','Richter','Fel','homme','1991-01-21','photographe urbain','vivant'),
('P021','Amina','Kareem','Ami','femme','1989-05-29','avocate des droits','vivant'),
('P022','Jin','Park','Jin','homme','1983-07-07','chercheur en biotechnologie','vivant'),
('P023','Helena','Petrova','Lena','femme','1970-02-02','historienne','vivant'),
('P024','Diego','Fernandez','Dieg','homme','1994-08-08','skateur professionnel','vivant'),
('P025','Rin','Nakamura','Rin','femme','2002-12-12','lycéenne rêveuse','vivant'),
('P026','Marcus','Green','Marc','homme','1984-10-10','militaire en retraite','vivant'),
('P027','Léa','Dubois','Léa','femme','1996-06-16','étudiante en arts','vivant'),
('P028','Omar','Haddad','Om','homme','1979-04-04','marchand d''antiquités','vivant'),
('P029','Yuna','Kondo','Yun','femme','1997-11-11','programmiste','vivant'),
('P030','Gustav','Lind','Gus','homme','1950-09-09','maître forgeron','mort'),
('P031','Beatrice','Moretti','Bea','femme','1976-07-18','gardienne du sanctuaire','vivant'),
('P032','Samuel','Brooks','Sam','homme','1993-02-25','comique de scène','vivant'),
('P033','Clara','Romero','Clar','femme','1981-03-30','botaniste','vivant'),
('P034','Hiro','Kondo','Hiro','homme','1987-10-05','artiste martial','vivant'),
('P035','Rafael','Santos','Raf','homme','1965-01-17','ancien pilote','retired','mort'),
('P036','Nadia','Petro','Nad','femme','1999-09-09','hackeuse artistique','vivant'),
('P037','Theo','Moreau','Théo','homme','2003-05-05','étudiant en littérature','vivant'),
('P038','Ari','Kapoor','Ari','autre','1990-12-01','créature mystérieuse','inconnu'),
('P039','Luc','Martin','Luc','homme','1982-08-08','bibliothécaire érudit','vivant'),
('P040','Yara','Haddad','Y','femme','1985-02-14','pêcheuse de trésors','vivant'),
('P041','Carlos','Mendez','Carl','homme','1975-06-18','chef cuisinier','vivant'),
('P042','Marta','Ruiz','Mart','femme','1984-04-04','reporter d''investigation','vivant'),
('P043','Kaito','Mori','Kai','homme','1992-11-11','samouraï urbain','vivant'),
('P044','Sasha','Ivanova','Sash','femme','1990-10-10','entraîneuse de combat','vivant'),
('P045','Liam','O''Brien','Liam','homme','1988-07-07','chercheur océanique','vivant'),
('P046','Nina','Vogel','Nin','femme','1978-03-03','compositrice','vivant'),
('P047','Owen','Wright','O','homme','1983-04-12','chauffeur de taxi détective','vivant'),
('P048','Zoe','Laurent','Zo','femme','1991-11-05','artiste de rue','vivant'),
('P049','Mateo','Sánchez','Mat','homme','1996-02-02','guitariste','vivant'),
('P050','Rita','Gomes','Rit','femme','1974-05-05','architecte','vivant'),
('P051','Ethan','Brooks','Eth','homme','2000-01-01','étudiant en physique','vivant'),
('P052','Isabel','Costa','IsaC','femme','1987-09-09','chercheuse en climat','vivant'),
('P053','Felipe','Oliveira','F','homme','1995-06-06','journalier au port','vivant'),
('P054','Maya','Rivera','MayR','femme','1992-12-12','danseuse','vivant'),
('P055','Tomás','Oliveira','Tom','homme','1986-03-03','peintre','vivant'),
('P056','Ingrid','Hansen','Ing','femme','1979-08-08','capitaine de navire','vivant'),
('P057','Dmitri','Sokolov','Dmi','homme','1968-12-12','scientifique controversé','mort'),
('P058','Aria','Singh','AriS','femme','1994-04-04','activiste','vivant'),
('P059','Kai','Chen','KaiC','homme','1999-09-09','entrepreneur tech','vivant'),
('P060','Fiona','McKay','Fio','femme','1980-05-05','chercheuse en mythes','vivant'),
('P061','Hector','Ruiz','Hec','homme','1971-01-01','ancien boxeur','vivant'),
('P062','Laila','Ibrahim','Lai','femme','1985-06-06','photographe de guerre','vivant'),
('P063','Ronan','Gallagher','Ron','homme','1992-02-02','gardien de phare','vivant'),
('P064','Sergio','Martinez','Ser','homme','1989-09-09','criminel repenti','vivant'),
('P065','Yuki','Sato','Yuk','femme','1998-03-03','idole de la pop','vivant'),
('P066','Nora','Kowalski','Nor','femme','1976-07-07','avocate','vivant'),
('P067','Imran','Khan','Imr','homme','1984-08-08','enseignant','vivant'),
('P068','Helga','Schmidt','Hel','femme','1962-06-06','forgeronne','mort'),
('P069','Lucia','Fernandez','Luce','femme','1993-03-03','infirmière','vivant'),
('P070','Mateusz','Nowak','MatN','homme','1987-10-10','ingénieur','vivant'),
('P071','Sven','Berg','Sven','homme','1981-01-01','explorateur polaire','vivant'),
('P072','Noémie','Leroy','Noem','femme','1990-11-11','critique littéraire','vivant'),
('P073','Akiko','Nakamura','AkiN','femme','1996-06-06','illustratrice','vivant'),
('P074','Yves','Petit','Yve','homme','1958-05-05','ancien marin','mort'),
('P075','Emilia','Costa','Emi','femme','1983-03-03','bibliothécaire','vivant'),
('P076','Kiran','Das','Kir','homme','1997-07-07','ingénieur drone','vivant'),
('P077','Sofia','Rossi','Sof','femme','1979-02-02','romancière','vivant'),
('P078','Luca','Bianchi','LucB','homme','1985-09-09','sculpteur','vivant'),
('P079','Nadine','Keller','NadK','femme','1991-04-04','chercheuse en IA','vivant'),
('P080','Jun','Park','Jun','homme','2004-10-10','étudiant et streamer','vivant');

INSERT INTO source (id_source, titre_source, url_source, type_source, date_consultation) VALUES
('S001','Dossier officiel Nuit d''Acier','https://exemple.fr/nuit-acier','site web','2024-09-01'),
('S002','Entretien A. Rossi','https://revue-culture.it/rossi','site web','2024-08-15'),
('S003','Archives Gallica','https://gallica.bnf.fr','site web','2023-12-10'),
('S004','Article "CyberRift: analyse"','https://gamepress.com/cyberrift','site web','2024-01-20'),
('S005','Livre: Histoire du Manga','NULL','livre','2020-05-05'),
('S006','Article: Portrait de M. Green','https://magazine.au/green','site web','2022-07-07'),
('S007','Revue "Cinéma et Société"','NULL','article','2019-11-11'),
('S008','Dossier Runic Studio','https://runic.ar','site web','2021-06-06'),
('S009','Encyclopédie des BD','NULL','livre','2018-03-03'),
('S010','Interview N. Petro','https://press.ua/petro','site web','2020-09-09');

INSERT INTO utilisateur (id_user, pseudo_user, email_user, role_user, age_user, colonne_fiable) VALUES
('U001','admin_jdup','jean.dupont@example.fr','administrateur',45,'oui'),
('U002','mod_mlefevre','marie.lefevre@example.fr','modérateur',38,'oui'),
('U003','user_djohn','david.johnson@example.com','contributeur',34,'non'),
('U004','user_srossi','sofia.rossi@example.it','contributeur',41,'non'),
('U005','editor_kmori','kenji.mori@example.jp','éditeur',47,'non'),
('U006','user_lnovak','lena.novak@example.pl','contributeur',33,'non'),
('U007','mod_swang','sarah.wang@example.cn','modérateur',39,'oui'),
('U008','guest_tbaker','tom.baker@example.uk','contributeur',52,'non'),
('U009','user_mrivera','maya.rivera@example.mx','contributeur',29,'non'),
('U010','mod_rcarter','rachel.carter@example.us','modérateur',42,'oui');

INSERT INTO contribution (id_contribution, type_action, date_heure_contribution, element_concerne, commentaire_contribution, id_source) VALUES
('C001','ajout',202401151030,'personnage:P001','création fiche personnage','S001'),
('C002','modification',202402201200,'oeuvre:O003','mise à jour description','S004'),
('C003','ajout',202303011010,'acteur:A019','ajout doublage japonais','S005'),
('C004','suppression',202212121200,'apparition:AP045','suppression doublon','S007'),
('C005','ajout',202405051530,'oeuvre:O009','ajout fiche jeu','S008'),
('C006','modification',202301011000,'personnage:P014','correction date mort','S003'),
('C007','ajout',202402141400,'relation:R007','ajout relation amitié','S002'),
('C008','ajout',202405210900,'personnage:P038','création créature','S010'),
('C009','modification',202403031100,'acteur:A002','mise à jour nationalité','S006'),
('C010','ajout',202408101200,'source:S010','ajout source interview','S010');

INSERT INTO relation (id_relation, type_relation, id_perso_source, id_perso_cible, id_oeuvre) VALUES
('R001','ami','P001','P002','O001'),
('R002','familial','P014','P030','O016'),
('R003','romantique','P002','P029','O010'),
('R004','rival','P003','P043','O020'),
('R005','mentor','P012','P026','O013'),
('R006','ennemi','P021','P064','O038'),
('R007','ami','P037','P072','O031'),
('R008','familial','P040','P013','O037'),
('R009','romantique','P049','P054','O029'),
('R010','collègue','P022','P059','O034');

INSERT INTO perso_trait (id_pp_trait, id_trait, id_perso) VALUES
('PT001','T001','P001'),
('PT002','T023','P001'),
('PT003','T014','P002'),
('PT004','T021','P002'),
('PT005','T005','P003'),
('PT006','T029','P003'),
('PT007','T003','P004'),
('PT008','T019','P004'),
('PT009','T022','P005'),
('PT010','T025','P005'),
('PT011','T012','P006'),
('PT012','T013','P006'),
('PT013','T030','P007'),
('PT014','T028','P007'),
('PT015','T007','P008'),
('PT016','T002','P008'),
('PT017','T009','P009'),
('PT018','T024','P009'),
('PT019','T016','P010'),
('PT020','T018','P010'),
('PT021','T011','P011'),
('PT022','T027','P011'),
('PT023','T004','P012'),
('PT024','T026','P012'),
('PT025','T020','P014'),
('PT026','T030','P014'),
('PT027','T017','P015'),
('PT028','T012','P015'),
('PT029','T001','P016'),
('PT030','T023','P016'),
('PT031','T019','P017'),
('PT032','T009','P017'),
('PT033','T025','P018'),
('PT034','T024','P018'),
('PT035','T022','P019'),
('PT036','T004','P019'),
('PT037','T013','P020'),
('PT038','T014','P020'),
('PT039','T021','P021'),
('PT040','T012','P021'),
('PT041','T018','P022'),
('PT042','T028','P022'),
('PT043','T016','P023'),
('PT044','T007','P023'),
('PT045','T002','P024'),
('PT046','T029','P024'),
('PT047','T008','P025'),
('PT048','T003','P025'),
('PT049','T015','P026'),
('PT050','T022','P026'),
('PT051','T019','P027'),
('PT052','T012','P027'),
('PT053','T013','P028'),
('PT054','T006','P028'),
('PT055','T005','P029'),
('PT056','T014','P029'),
('PT057','T011','P030'),
('PT058','T030','P030'),
('PT059','T009','P031'),
('PT060','T021','P031'),
('PT061','T017','P032'),
('PT062','T004','P032'),
('PT063','T018','P033'),
('PT064','T013','P033'),
('PT065','T016','P034'),
('PT066','T029','P034'),
('PT067','T002','P035'),
('PT068','T020','P035'),
('PT069','T024','P036'),
('PT070','T026','P036'),
('PT071','T001','P037'),
('PT072','T023','P037'),
('PT073','T028','P038'),
('PT074','T013','P038'),
('PT075','T022','P039'),
('PT076','T009','P039'),
('PT077','T019','P040'),
('PT078','T025','P040'),
('PT079','T004','P041'),
('PT080','T012','P041');

INSERT INTO apparition (id_apparition, role_libelle, id_oeuvre, id_perso, id_acteur) VALUES
('AP001','protagoniste','O001','P001','A001'),
('AP002','secondaire','O002','P002','A002'),
('AP003','antagoniste','O003','P003','A005'),
('AP004','héros','O004','P005','A007'),
('AP005','personnage secondaire','O005','P016','A019'),
('AP006','pilote','O011','P011','A008'),
('AP007','narrateur','O013','P012','A015'),
('AP008','héros','O009','P018','A011'),
('AP009','figurant','O010','P027','A022'),
('AP010','amie','O010','P029','A021'),
('AP011','villain','O007','P014','A026'),
('AP012','mentor','O013','P026','A027'),
('AP013','sœur','O012','P025','A033'),
('AP014','leader','O023','P019','A044'),
('AP015','inspecteur','O013','P012','A055'),
('AP016','pilote','O015','P035','A045'),
('AP017','mère','O022','P023','A010'),
('AP018','gardien','O011','P031','A032'),
('AP019','héros','O034','P059','A028'),
('AP020','antagoniste','O021','P057','A058'),
('AP021','romantique','O029','P049','A061'),
('AP022','héros','O028','P024','A037'),
('AP023','enfant','O018','P037','A041'),
('AP024','chef','O041','P058','A063'),
('AP025','amie','O033','P044','A063'),
('AP026','artiste','O035','P050','A029'),
('AP027','héros','O039','P078','A039'),
('AP028','antagoniste','O048','P068','A058'),
('AP029','sœur','O045','P031','A059'),
('AP030','personnage','O017','P017','A046'),
('AP031','mentor','O006','P001','A042'),
('AP032','ennemi','O038','P064','A053'),
('AP033','allié','O032','P032','A012'),
('AP034','protagoniste','O036','P020','A034'),
('AP035','secondaire','O019','P028','A024'),
('AP036','héros','O016','P014','A026'),
('AP037','anti-héros','O037','P040','A036'),
('AP038','capitaine','O056','P056','A048'), -- O056 doesn't exist but left as example (safe if constraints off)
('AP039','figure','O049','P039','A041'),
('AP040','protagoniste','O050','P038','A046'),
('AP041','guest','O002','P075','A042'),
('AP042','figurant','O004','P053','A052'),
('AP043','héros','O001','P001','A041'),
('AP044','amie','O031','P072','A042'),
('AP045','cameo','O027','P027','A059'),
('AP046','ennemi','O021','P057','A058'),
('AP047','allié','O023','P019','A044'),
('AP048','double','O020','P043','A043'),
('AP049','protagoniste','O005','P016','A033'),
('AP050','mentor','O024','P042','A025');

INSERT INTO interpretation (id_acteur, id_perso, role_joue, langue_interpretation) VALUES
('A001','P001','voix originale','fr'),
('A002','P002','voix secondaire','fr'),
('A003','P003','voix anglaise','en'),
('A005','P003','voix originale','jp'),
('A010','P023','voix originale','ru'),
('A011','P018','voix originale','pt'),
('A019','P016','voix originale','jp'),
('A021','P029','voix espagnole','es'),
('A026','P014','voix originale','ru'),
('A033','P025','voix originale','jp'),
('A041','P001','doublage invité','fr'),
('A044','P019','voix secondaire','pt'),
('A046','P038','voix originale','en'),
('A058','P057','voix originale','ru'),
('A063','P059','voix anglaise','en');

INSERT INTO fait_par (id_contribution, id_user) VALUES
('C001','U001'),
('C002','U003'),
('C003','U005'),
('C004','U002'),
('C005','U008'),
('C006','U006'),
('C007','U002'),
('C008','U010'),
('C009','U007'),
('C010','U004');

INSERT INTO modifie_perso (id_perso, id_user) VALUES
('P001','U001'),
('P014','U002'),
('P018','U003'),
('P038','U010'),
('P059','U005'),
('P072','U002'),
('P037','U009'),
('P023','U004'),
('P057','U006'),
('P030','U002');

INSERT INTO modifie_acteur (id_acteur, id_user) VALUES
('A001','U001'),
('A026','U002'),
('A003','U003'),
('A019','U005'),
('A058','U006'),
('A041','U010'),
('A044','U004'),
('A063','U007'),
('A033','U008'),
('A046','U009');

INSERT INTO cite_source (id_source, id_contribution) VALUES
('S001','C001'),
('S004','C002'),
('S005','C003'),
('S007','C004'),
('S008','C005'),
('S003','C006'),
('S002','C007'),
('S010','C010'),
('S006','C009'),
('S009','C008');

